{"cameraMode":{"drawMode":0,"name":"Shaded","section":"Shading Mode"},"sceneLighting":false,"audioPlay":false,"sceneViewState":{"m_AlwaysRefresh":false,"showFog":true,"showSkybox":false,"showFlares":true,"showImageEffects":true,"showParticleSystems":true,"showVisualEffectGraphs":true,"m_FxEnabled":true},"in2DMode":false,"pivot":{"x":0.00670623779296875,"y":0.6544961333274841,"z":-0.00759124755859375},"rotation":{"x":0.4526903033256531,"y":0.5452445149421692,"z":-0.46563947200775149,"w":0.5300873517990112},"size":21.04844093322754,"orthographic":false}